{
  "B/Colorado/L2583/2024": {
    "frequencies": [
      2e-06,
      7.6e-05,
      0.001146,
      0.007323,
      0.018601,
      0.030002,
      0.03645
    ]
  },
  "B/Florida/L1008/2023": {
    "frequencies": [
      0.013204,
      0.031602,
      0.039307,
      0.019063,
      0.003987,
      0.000489,
      4.5e-05
    ]
  },
  "B/Florida/L1031B/2023": {
    "frequencies": [
      0.002858,
      0.012936,
      0.029796,
      0.027307,
      0.010577,
      0.002451,
      0.000429
    ]
  },
  "B/Florida/L1607/2023": {
    "frequencies": [
      0.000166,
      0.001858,
      0.010273,
      0.023257,
      0.021622,
      0.012366,
      0.005334
    ]
  },
  "B/Florida/L2155/2023": {
    "frequencies": [
      2.1e-05,
      0.000406,
      0.003768,
      0.01458,
      0.022775,
      0.022247,
      0.016378
    ]
  },
  "B/Florida/S2171/2023": {
    "frequencies": [
      0.000102,
      0.001303,
      0.008205,
      0.021238,
      0.022481,
      0.014698,
      0.007246
    ]
  },
  "B/Georgia/L1349/2023": {
    "frequencies": [
      0.000374,
      0.003314,
      0.014603,
      0.026151,
      0.019375,
      0.008768,
      0.002993
    ]
  },
  "B/Georgia/L2078/2023": {
    "frequencies": [
      2.4e-05,
      0.00045,
      0.004045,
      0.015134,
      0.022886,
      0.02162,
      0.015393
    ]
  },
  "B/Germany/V002_0004/2024": {
    "frequencies": [
      3e-06,
      9.6e-05,
      0.001361,
      0.008139,
      0.019378,
      0.029239,
      0.033232
    ]
  },
  "B/Germany/V009_0002/2024": {
    "frequencies": [
      1e-06,
      4.1e-05,
      0.000731,
      0.005519,
      0.016478,
      0.031404,
      0.04507
    ]
  },
  "B/Hawaii-TAMC/110/2023": {
    "frequencies": [
      0.0,
      0.0,
      0.0,
      0.0,
      0.0,
      0.0,
      0.0
    ]
  },
  "B/Hawaii-TAMC/113/2023": {
    "frequencies": [
      0.129047,
      0.03862,
      0.006432,
      0.000391,
      1.1e-05,
      0.0,
      0.0
    ]
  },
  "B/Hawaii-TAMC/120/2023": {
    "frequencies": [
      0.097394,
      0.057,
      0.018159,
      0.002157,
      0.000116,
      3e-06,
      0.0
    ]
  },
  "B/Hawaii-TAMC/121/2023": {
    "frequencies": [
      0.106659,
      0.054586,
      0.015275,
      0.001587,
      7.5e-05,
      2e-06,
      0.0
    ]
  },
  "B/Hawaii-TAMC/122/2023": {
    "frequencies": [
      0.110895,
      0.053072,
      0.013919,
      0.001352,
      6e-05,
      1e-06,
      0.0
    ]
  },
  "B/Hawaii-TAMC/123/2023": {
    "frequencies": [
      0.102142,
      0.0559,
      0.016691,
      0.001854,
      9.3e-05,
      3e-06,
      0.0
    ]
  },
  "B/Hawaii-TAMC/133/2023": {
    "frequencies": [
      0.05224,
      0.055909,
      0.031932,
      0.006932,
      0.000666,
      3.7e-05,
      2e-06
    ]
  },
  "B/Hawaii-TAMC/139/2023": {
    "frequencies": [
      0.035395,
      0.049538,
      0.036673,
      0.010407,
      0.001296,
      9.3e-05,
      5e-06
    ]
  },
  "B/Hawaii-TAMC/155/2023": {
    "frequencies": [
      0.023789,
      0.042103,
      0.039113,
      0.014032,
      0.002192,
      0.000199,
      1.4e-05
    ]
  },
  "B/Hawaii-TAMC/169/2023": {
    "frequencies": [
      0.007862,
      0.023797,
      0.037142,
      0.022773,
      0.005977,
      0.000927,
      0.000109
    ]
  },
  "B/Hawaii-TAMC/170/2023": {
    "frequencies": [
      0.007862,
      0.023797,
      0.037142,
      0.022773,
      0.005977,
      0.000927,
      0.000109
    ]
  },
  "B/Hawaii-TAMC/178/2023": {
    "frequencies": [
      0.004075,
      0.016127,
      0.032627,
      0.026151,
      0.008897,
      0.001804,
      0.000276
    ]
  },
  "B/Hawaii-TAMC/179/2023": {
    "frequencies": [
      0.003735,
      0.015287,
      0.031946,
      0.026478,
      0.009305,
      0.001951,
      0.000309
    ]
  },
  "B/Hawaii-TAMC/191/2023": {
    "frequencies": [
      0.001335,
      0.007903,
      0.023594,
      0.028267,
      0.014192,
      0.004299,
      0.000983
    ]
  },
  "B/Hawaii-TAMC/196/2023": {
    "frequencies": [
      0.000721,
      0.005218,
      0.018927,
      0.027723,
      0.016908,
      0.00626,
      0.001749
    ]
  },
  "B/Hawaii-TAMC/204/2023": {
    "frequencies": [
      0.000187,
      0.002025,
      0.010837,
      0.023726,
      0.021355,
      0.011812,
      0.004927
    ]
  },
  "B/Hawaii-TAMC/214/2023": {
    "frequencies": [
      6.1e-05,
      0.000899,
      0.006441,
      0.019062,
      0.022972,
      0.01717,
      0.009676
    ]
  },
  "B/Hawaii-TAMC/219/2023": {
    "frequencies": [
      2.1e-05,
      0.000406,
      0.003768,
      0.01458,
      0.022775,
      0.022247,
      0.016378
    ]
  },
  "B/Hawaii-TAMC/230/2023": {
    "frequencies": [
      1.1e-05,
      0.000238,
      0.002602,
      0.011905,
      0.02187,
      0.025253,
      0.021972
    ]
  },
  "B/Illinois/NHRC_RTCGL1158/2023": {
    "frequencies": [
      0.004834,
      0.01789,
      0.03392,
      0.025427,
      0.008107,
      0.001537,
      0.00022
    ]
  },
  "B/Illinois/NHRC_RTCGL1164/2023": {
    "frequencies": [
      0.004075,
      0.016127,
      0.032627,
      0.026151,
      0.008897,
      0.001804,
      0.000276
    ]
  },
  "B/Maryland/L1780/2023": {
    "frequencies": [
      6.1e-05,
      0.000899,
      0.006441,
      0.019062,
      0.022972,
      0.01717,
      0.009676
    ]
  },
  "B/Maryland/L2319/2023": {
    "frequencies": [
      9e-06,
      0.000213,
      0.002409,
      0.011395,
      0.021623,
      0.025817,
      0.023227
    ]
  },
  "B/Missouri/L1003/2023": {
    "frequencies": [
      0.035395,
      0.049538,
      0.036673,
      0.010407,
      0.001296,
      9.3e-05,
      5e-06
    ]
  },
  "B/Missouri/L1575/2023": {
    "frequencies": [
      0.000147,
      0.001703,
      0.009727,
      0.022772,
      0.021869,
      0.012933,
      0.005768
    ]
  },
  "B/Missouri/L1917/2023": {
    "frequencies": [
      6.1e-05,
      0.000899,
      0.006441,
      0.019062,
      0.022972,
      0.01717,
      0.009676
    ]
  },
  "B/Missouri/L2094/2023": {
    "frequencies": [
      2.8e-05,
      0.000498,
      0.004337,
      0.015692,
      0.022972,
      0.020987,
      0.014452
    ]
  },
  "B/New_Jersey/S2356/2023": {
    "frequencies": [
      1.6e-05,
      0.000329,
      0.00326,
      0.013488,
      0.022481,
      0.02348,
      0.018481
    ]
  },
  "B/New_Mexico/L2667/2024": {
    "frequencies": [
      2e-06,
      7.6e-05,
      0.001146,
      0.007323,
      0.018601,
      0.030002,
      0.03645
    ]
  },
  "B/New_York/S2406/2023": {
    "frequencies": [
      7e-06,
      0.000171,
      0.002057,
      0.010406,
      0.02107,
      0.026897,
      0.025871
    ]
  },
  "B/North_Carolina/L1833/2023": {
    "frequencies": [
      6.1e-05,
      0.000899,
      0.006441,
      0.019062,
      0.022972,
      0.01717,
      0.009676
    ]
  },
  "B/North_Carolina/L1852/2023": {
    "frequencies": [
      7e-05,
      0.000988,
      0.006854,
      0.019616,
      0.022885,
      0.016543,
      0.009016
    ]
  },
  "B/North_Carolina/L1853/2023": {
    "frequencies": [
      7e-05,
      0.000988,
      0.006854,
      0.019616,
      0.022885,
      0.016543,
      0.009016
    ]
  },
  "B/North_Carolina/L1856/2023": {
    "frequencies": [
      6.1e-05,
      0.000899,
      0.006441,
      0.019062,
      0.022972,
      0.01717,
      0.009676
    ]
  },
  "B/North_Carolina/L1967/2023": {
    "frequencies": [
      2.8e-05,
      0.000498,
      0.004337,
      0.015692,
      0.022972,
      0.020987,
      0.014452
    ]
  },
  "B/North_Carolina/L2050/2023": {
    "frequencies": [
      2.8e-05,
      0.000498,
      0.004337,
      0.015692,
      0.022972,
      0.020987,
      0.014452
    ]
  },
  "B/North_Carolina/L2312/2023": {
    "frequencies": [
      6e-06,
      0.000153,
      0.001898,
      0.009928,
      0.020765,
      0.02741,
      0.027259
    ]
  },