{
  "B/Colorado/L2583/2024": {
    "frequencies": [
      1.1e-05,
      0.000251,
      0.002647,
      0.010647,
      0.017133,
      0.015059,
      0.008673
    ]
  },
  "B/Colorado/L3195/2024": {
    "frequencies": [
      0.0,
      8e-06,
      0.000216,
      0.00222,
      0.008835,
      0.019743,
      0.02891
    ]
  },
  "B/Colorado/S2638/2024": {
    "frequencies": [
      1e-06,
      5.1e-05,
      0.000841,
      0.005402,
      0.01367,
      0.019158,
      0.017594
    ]
  },
  "B/Colorado/S2643/2024": {
    "frequencies": [
      1e-06,
      2.7e-05,
      0.00053,
      0.004028,
      0.011984,
      0.019839,
      0.021523
    ]
  },
  "B/Colorado/S2663/2024": {
    "frequencies": [
      1e-06,
      2.7e-05,
      0.00053,
      0.004028,
      0.011984,
      0.019839,
      0.021523
    ]
  },
  "B/Colorado/S2803/2024": {
    "frequencies": [
      1e-06,
      2.4e-05,
      0.000482,
      0.003787,
      0.011635,
      0.019914,
      0.022336
    ]
  },
  "B/Colorado/S2871/2024": {
    "frequencies": [
      0.0,
      4e-06,
      0.000113,
      0.001422,
      0.00687,
      0.01875,
      0.033533
    ]
  },
  "B/Colorado/S2876/2024": {
    "frequencies": [
      0.0,
      4e-06,
      0.000113,
      0.001422,
      0.00687,
      0.01875,
      0.033533
    ]
  },
  "B/Florida/L1008/2023": {
    "frequencies": [
      0.021556,
      0.038488,
      0.03353,
      0.010203,
      0.001352,
      9.1e-05,
      4e-06
    ]
  },
  "B/Florida/L1031B/2023": {
    "frequencies": [
      0.005971,
      0.020161,
      0.032501,
      0.018703,
      0.004589,
      0.000581,
      4.8e-05
    ]
  },
  "B/Florida/L1607/2023": {
    "frequencies": [
      0.000492,
      0.004111,
      0.015891,
      0.022614,
      0.01332,
      0.004156,
      0.00085
    ]
  },
  "B/Florida/L2155/2023": {
    "frequencies": [
      7.7e-05,
      0.001105,
      0.00717,
      0.017449,
      0.017268,
      0.009197,
      0.00321
    ]
  },
  "B/Florida/S2171/2023": {
    "frequencies": [
      0.000318,
      0.003038,
      0.013366,
      0.021752,
      0.014587,
      0.005203,
      0.001216
    ]
  },
  "B/Florida/S2918/2024": {
    "frequencies": [
      0.0,
      1e-05,
      0.00024,
      0.002382,
      0.009179,
      0.019839,
      0.028098
    ]
  },
  "B/Georgia/L1349/2023": {
    "frequencies": [
      0.001014,
      0.006697,
      0.020634,
      0.02322,
      0.010899,
      0.002692,
      0.000436
    ]
  },
  "B/Georgia/L2078/2023": {
    "frequencies": [
      8.8e-05,
      0.001209,
      0.007597,
      0.017879,
      0.017129,
      0.008823,
      0.002978
    ]
  },
  "B/Georgia/L3165/2024": {
    "frequencies": [
      0.0,
      5e-06,
      0.000141,
      0.001657,
      0.007503,
      0.019158,
      0.032053
    ]
  },
  "B/Germany/LRMC_300118/2024": {
    "frequencies": [
      0.0,
      1.1e-05,
      0.000266,
      0.002553,
      0.009526,
      0.019914,
      0.02728
    ]
  },
  "B/Germany/V002_0004/2024": {
    "frequencies": [
      1.4e-05,
      0.00031,
      0.003064,
      0.011531,
      0.017393,
      0.014302,
      0.007706
    ]
  },
  "B/Germany/V009_0002/2024": {
    "frequencies": [
      5e-06,
      0.000145,
      0.0018,
      0.00856,
      0.016193,
      0.016813,
      0.011439
    ]
  },
  "B/Hawaii-TAMC/110/2023": {
    "frequencies": [
      0.0,
      0.0,
      0.0,
      0.0,
      0.0,
      0.0,
      0.0
    ]
  },
  "B/Hawaii-TAMC/113/2023": {
    "frequencies": [
      0.0,
      0.0,
      0.0,
      0.0,
      0.0,
      0.0,
      0.0
    ]
  },
  "B/Hawaii-TAMC/120/2023": {
    "frequencies": [
      0.092182,
      0.040246,
      0.008995,
      0.000669,
      2.3e-05,
      0.0,
      0.0
    ]
  },
  "B/Hawaii-TAMC/121/2023": {
    "frequencies": [
      0.095844,
      0.036592,
      0.007185,
      0.000467,
      1.4e-05,
      0.0,
      0.0
    ]
  },
  "B/Hawaii-TAMC/122/2023": {
    "frequencies": [
      0.097097,
      0.034666,
      0.00638,
      0.000388,
      1.1e-05,
      0.0,
      0.0
    ]
  },
  "B/Hawaii-TAMC/123/2023": {
    "frequencies": [
      0.094199,
      0.038459,
      0.008057,
      0.000561,
      1.8e-05,
      0.0,
      0.0
    ]
  },
  "B/Hawaii-TAMC/133/2023": {
    "frequencies": [
      0.062457,
      0.049866,
      0.019967,
      0.002717,
      0.000165,
      5e-06,
      0.0
    ]
  },
  "B/Hawaii-TAMC/139/2023": {
    "frequencies": [
      0.046948,
      0.049018,
      0.025432,
      0.004525,
      0.000357,
      1.4e-05,
      0.0
    ]
  },
  "B/Hawaii-TAMC/155/2023": {
    "frequencies": [
      0.034555,
      0.045624,
      0.029696,
      0.006682,
      0.000661,
      3.3e-05,
      1e-06
    ]
  },
  "B/Hawaii-TAMC/169/2023": {
    "frequencies": [
      0.014057,
      0.031738,
      0.034686,
      0.013348,
      0.002219,
      0.000188,
      1e-05
    ]
  },
  "B/Hawaii-TAMC/170/2023": {
    "frequencies": [
      0.014057,
      0.031738,
      0.034686,
      0.013348,
      0.002219,
      0.000188,
      1e-05
    ]
  },
  "B/Hawaii-TAMC/178/2023": {
    "frequencies": [
      0.008082,
      0.023863,
      0.033793,
      0.017005,
      0.003665,
      0.000406,
      2.9e-05
    ]
  },
  "B/Hawaii-TAMC/179/2023": {
    "frequencies": [
      0.007505,
      0.022915,
      0.033519,
      0.017443,
      0.003883,
      0.000445,
      3.3e-05
    ]
  },
  "B/Hawaii-TAMC/191/2023": {
    "frequencies": [
      0.003095,
      0.013664,
      0.028543,
      0.021479,
      0.006832,
      0.00113,
      0.000122
    ]
  },
  "B/Hawaii-TAMC/196/2023": {
    "frequencies": [
      0.001806,
      0.009754,
      0.024745,
      0.022771,
      0.008799,
      0.001778,
      0.000235
    ]
  },
  "B/Hawaii-TAMC/204/2023": {
    "frequencies": [
      0.000548,
      0.004422,
      0.016549,
      0.022773,
      0.012986,
      0.003919,
      0.000775
    ]
  },
  "B/Hawaii-TAMC/214/2023": {
    "frequencies": [
      0.000202,
      0.002206,
      0.01105,
      0.020564,
      0.0157,
      0.0064,
      0.00171
    ]
  },
  "B/Hawaii-TAMC/219/2023": {
    "frequencies": [
      7.7e-05,
      0.001105,
      0.00717,
      0.017449,
      0.017268,
      0.009197,
      0.00321
    ]
  },
  "B/Hawaii-TAMC/230/2023": {
    "frequencies": [
      4.1e-05,
      0.000692,
      0.005283,
      0.015203,
      0.017694,
      0.011138,
      0.004594
    ]
  },
  "B/Illinois/NHRC_RTCGL1158/2023": {
    "frequencies": [
      0.009342,
      0.025793,
      0.034235,
      0.01611,
      0.003254,
      0.000337,
      2.3e-05
    ]
  },
  "B/Illinois/NHRC_RTCGL1164/2023": {
    "frequencies": [
      0.008082,
      0.023863,
      0.033793,
      0.017005,
      0.003665,
      0.000406,
      2.9e-05
    ]
  },
  "B/Kansas/L3202/2024": {
    "frequencies": [
      0.0,
      4e-06,
      0.000113,
      0.001422,
      0.00687,
      0.01875,
      0.033533
    ]
  },
  "B/Maryland/L1780/2023": {
    "frequencies": [
      0.000202,
      0.002206,
      0.01105,
      0.020564,
      0.0157,
      0.0064,
      0.00171
    ]
  },
  "B/Maryland/L2319/2023": {
    "frequencies": [
      3.6e-05,
      0.000628,
      0.004954,
      0.014742,
      0.017723,
      0.011535,
      0.00492
    ]
  },
  "B/Maryland/L3214/2024": {
    "frequencies": [
      0.0,
      4e-06,
      0.000113,
      0.001422,
      0.00687,
      0.01875,
      0.033533
    ]
  },
  "B/Missouri/L1003/2023": {
    "frequencies": [
      0.046948,
      0.049018,
      0.025432,
      0.004525,
      0.000357,
      1.4e-05,
      0.0
    ]
  },
  "B/Missouri/L1575/2023": {
    "frequencies": [
      0.000442,
      0.003818,
      0.015243,
      0.022432,
      0.013648,
      0.004404,
      0.000931
    ]
  },